stock_code,stock_name,mkt_val_20q4,mkt_val_21q1,change,stock_ex_code
700,腾讯控股,0.016041860100689427,0.04054332153049701,2.450146142980758,sz.000700
300750,宁德时代,0.016831890026829464,0.034215244233826776,1.7383354206997312,sz.300750
2415,海康威视,0.003454840377070465,0.018584862771877722,1.5130022394807257,sz.002415
3690,美团-W,0.009346455084250603,0.02064328092864285,1.1296825844392246,sz.003690
600900,长江电力,0.0009511413370558924,0.011931442017195317,1.0980300680139423,sh.600900
601888,中国中免,0.0016342530739527057,0.012273876020587217,1.0639622946634513,sh.601888
300122,智飞生物,0.0011420683593778497,0.010663458180134595,0.9521389820756745,sz.300122
600519,贵州茅台,0.02867878060573427,0.03807837891420719,0.9399598308472923,sh.600519
601012,隆基股份,0.00741680864655908,0.01633062702806834,0.8913818381509259,sh.601012
1810,小米集团-W,0.00013981055628665946,0.008954256738071983,0.8814446181785323,sz.001810
603259,药明康德,0.00856658440912687,0.01701597410327337,0.8449389694146499,sh.603259
858,五粮液,0.02079294048236334,0.02923415698153573,0.8441216499172389,sz.000858
600309,万华化学,0.0025696916629958607,0.010980324735309611,0.8410633072313751,sh.600309
601166,兴业银行,0.004079718400976634,0.012464808183707283,0.8385089782730649,sh.601166
603799,华友钴业,0.001080222964699167,0.008612185967502276,0.7531963002803109,sh.603799
601088,中国神华,0.0004778875437139071,0.006636361086010346,0.6158473542296439,sh.601088
1,平安银行,0.0008659459858693352,0.006853671162979061,0.5987725177109726,sz.000001
300363,博腾股份,0.00036619473610165177,0.006285861166021006,0.5919666429919355,sz.300363
601601,中国太保,0.002359309342976017,0.00826450733476067,0.5905197991784653,sh.601601
600036,招商银行,0.007323503146234898,0.012937065126515622,0.5613561980280725,sh.600036
333,美的集团,0.012929637376838544,0.01793825330729616,0.5008615930457615,sz.000333
951,中国重汽,0.0002537727659492855,0.005206236752740515,0.495246398679123,sz.000951
157,中联重科,0.0003404494030790298,0.005137187228858936,0.4796737825779906,sz.000157
388,香港交易所,0.002391408629401358,0.0071535353919391685,0.4762126762537811,sz.000388
2353,杰瑞股份,0.00019692663375837596,0.00485903757198173,0.46621109382233544,sz.002353
600031,三一重工,0.007158691312998466,0.011563409497098064,0.44047181840995986,sh.600031
600426,华鲁恒升,0.0002817446821156674,0.00433753093793611,0.40557862558204427,sh.600426
2027,分众传媒,0.00018725638706684565,0.004175333866393034,0.39880774793261886,sz.002027
601318,中国平安,0.0051558940481552865,0.00896722169502993,0.3811327646874644,sh.601318
2271,东方雨虹,0.002625315904938704,0.006329184830750582,0.3703868925811878,sz.002271
300759,康龙化成,0.0012857059330133294,0.004969818788229119,0.3684112855215789,sz.300759
2313,申洲国际,0.002920237640140937,0.006164267540437756,0.324402990029682,sz.002313
2050,三花智控,0.0024707346875629216,0.00529130956188808,0.2820574874325158,sz.002050
2812,恩捷股份,9.853437144160732e-05,0.0028874422241014813,0.2788907852659874,sz.002812
49,德赛电池,0.0002731920709430645,0.003052533459593676,0.27793413886506113,sz.000049
2352,顺丰控股,0.0025256837560218145,0.005171097141576953,0.2645413385555138,sz.002352
268,金蝶国际,0.001542229658571391,0.004168082251043215,0.2625852592471824,sz.000268
603267,鸿远电子,2.6358450120179052e-05,0.0023128679267889487,0.22865094766687694,sh.603267
2709,天赐材料,0.00048086438856915137,0.0027547235864895754,0.2273859197920424,sz.002709
300037,新宙邦,0.0020341208464386105,0.004292345081705241,0.22582242352666304,sz.300037
601658,邮储银行,0.0015587248666383599,0.0037728554062609653,0.22141305396226052,sh.601658
568,泸州老窖,0.011843944141678888,0.01400580214417014,0.2161858002491253,sz.000568
725,京东方A,0.002326815998497084,0.004482903080497919,0.21560870820008352,sz.000725
941,中国移动,0.00011326407531571136,0.0022058293127194847,0.20925652374037734,sz.000941
300347,泰格医药,0.005701384578077367,0.007782330913989287,0.208094633591192,sz.300347
601633,长城汽车,0.0005930058638550239,0.0025818355028526924,0.19888296389976684,sh.601633
300496,中科创达,0.0008879815881134186,0.002839993546292477,0.19520119581790582,sz.300496
2705,新宝股份,0.0016188606078719305,0.0035203334167696774,0.1901472808897747,sz.002705
100,TCL科技,0.00025278234602246253,0.002078288372960494,0.18255060269380313,sz.000100
600176,中国巨石,3.187588343432883e-05,0.0017987880039572752,0.17669121205229465,sh.600176
1299,友邦保险,0.00293476938414245,0.004653141137135335,0.1718371752992885,sz.001299
2382,舜宇光学科技,0.003270735833868491,0.004924255699178165,0.1653519865309674,sz.002382
603127,昭衍新药,0.0006721277565053554,0.002299868641069033,0.16277408845636773,sh.603127
603589,口子窖,0.00019248836100359032,0.0018122721115222218,0.16197837505186316,sh.603589
2020,安踏体育,0.0011252423907714096,0.0026982844168794433,0.15730420261080336,sz.002020
300595,欧普康视,0.0011900559424112413,0.002711976414824144,0.15219204724129026,sz.300595
291,华润啤酒,0.00031111783148679003,0.001790763703791936,0.1479645872305146,sz.000291
601288,农业银行,0.00048581959102258587,0.0019508101455208554,0.14649905544982694,sh.601288
603501,韦尔股份,0.0025812670407496384,0.0040340044629503975,0.1452737422200759,sh.603501
2333,长城汽车,0.0008812000662084553,0.002298637024815555,0.14174369586070998,sz.002333
603659,璞泰来,0.0003964242636049898,0.001770299158918655,0.1373874895313665,sh.603659
2179,中航光电,0.000382681876838389,0.0017504663399779432,0.13677844631395542,sz.002179
883,中国海洋石油,4.102547704402677e-06,0.0013275375267512847,0.13234349790468822,sz.000883
6886,HTSC,0.00025824703140817876,0.001568412476895015,0.1310165445486836,sz.006886
601939,建设银行,0.000499378290885465,0.0017976896753550205,0.12983113844695554,sh.601939
2899,紫金矿业,0.00127502851117065,0.002572230353609586,0.12972018424389362,sz.002899
2013,中航机电,0.00028145363766348693,0.001558734450950519,0.12772808132870322,sz.002013
2648,卫星石化,0.000234349117008459,0.0014867123247754293,0.12523632077669702,sz.002648
601877,正泰电器,1.243113532212894e-05,0.0012521958668279137,0.12397647315057847,sh.601877
300782,卓胜微,0.0009299031593769519,0.0021689746059229634,0.12390714465460115,sz.300782
600845,宝信软件,0.0005622445131203029,0.0017236642070148991,0.11614196938945962,sh.600845
300433,蓝思科技,0.00036981262342832965,0.001475748408612999,0.11059357851846692,sz.300433
2920,德赛西威,1.1939028178037075e-05,0.0011092035321280506,0.10972645039500135,sz.002920
300476,胜宏科技,4.7773488500338174e-05,0.0011299254468257118,0.10821519583253736,sz.300476
2821,凯莱英,0.005179087002005591,0.0062588714714422785,0.10797844694366877,sz.002821
2008,大族激光,1.1883177430283901e-05,0.0010838104126521303,0.10719272352218465,sz.002008
603179,新泉股份,0.0010437536675440714,0.002095345164920653,0.10515914973765815,sh.603179
300274,阳光电源,0.0020551281743601715,0.003083351098803268,0.10282229244430964,sz.300274
2304,洋河股份,0.0009903268422433841,0.0020182241627986247,0.10278973205552407,sz.002304
600885,宏发股份,0.00227761831592904,0.003303569723280589,0.10259514073515494,sh.600885
2497,雅化集团,0.0016523797444179306,0.0026760971051414785,0.1023717360723548,sz.002497
603987,康德莱,0.00036287720168511317,0.0013534829749114188,0.09906057732263056,sh.603987
600346,恒力石化,8.519100723950984e-06,0.000995842864213067,0.09873237634891162,sh.600346
300124,汇川技术,0.0024807729286257588,0.003410276940139525,0.09295040115137664,sz.300124
603456,九洲药业,0.002872845798416912,0.0037810941173530227,0.09082483189361105,sh.603456
2594,比亚迪,0.0018154471726328759,0.002700207786453741,0.08847606138208652,sz.002594
2884,凌霄泵业,0.0004148035035628319,0.001296060736955705,0.08812572333928731,sz.002884
2138,顺络电子,0.0003136292534440912,0.001126543776100456,0.08129145226563649,sz.002138
601225,陕西煤业,0.0003061278774569758,0.0010922955620633593,0.07861676846063835,sh.601225
2359,药明康德,0.00014220965618459027,0.0009222964642941828,0.07800868081095925,sz.002359
6098,碧桂园服务,0.0005815272940640187,0.0013481495510544823,0.07666222569904636,sz.006098
1398,工商银行,6.417747367930965e-05,0.000829454615216936,0.07652771415376264,sz.001398
601818,光大银行,0.0001118373989925497,0.0008506160914924502,0.07387786924999006,sh.601818
853,微创医疗,2.4365819553118547e-05,0.0006992181964105069,0.06748523768573884,sz.000853
601668,中国建筑,0.0016605041665244257,0.0022965732717006864,0.06360691051762607,sh.601668
603601,再升科技,7.203567388818139e-05,0.000705162250312768,0.06331265764245866,sh.603601
600760,中航沈飞,0.0008751427423326913,0.0014874598863070488,0.06123171439743575,sh.600760
2331,李宁,0.0007751885207704256,0.0013635829186007997,0.05883943978303741,sz.002331
2430,杭氧股份,0.00018252706985987958,0.0007699248981255202,0.058739782826564065,sz.002430
2291,星期六,0.0005587445329277706,0.0011454345677853152,0.058669003485754455,sz.002291
600438,通威股份,0.005667401259761151,0.006247088843073977,0.05796875833128266,sh.600438
2241,歌尔股份,0.0009910516608364474,0.0015377313856101298,0.05466797247736825,sz.002241
601009,南京银行,0.0008422876091210901,0.0013833566690572277,0.05410690599361376,sh.601009
601058,赛轮轮胎,9.109877522406792e-07,0.0004937576793068953,0.04928466915546546,sh.601058
603899,晨光文具,0.0003721893830271592,0.000859362254563129,0.04871728715359697,sh.603899
601689,拓普集团,0.0005631406073398094,0.0010460096512030993,0.048286904386328995,sh.601689
403,派林生物,7.00486283958962e-05,0.0005481586026476442,0.0478109974251748,sz.000403
2541,鸿路钢构,0.0007454821286043756,0.001194456039878777,0.04489739112744013,sz.002541
600050,中国联通,0.0013109405419759416,0.0017336139863432596,0.0422673444367318,sh.600050
600884,杉杉股份,3.489927057936738e-05,0.0004571497943911309,0.04222505238117635,sh.600884
2371,北方华创,0.0021509221357786895,0.0025696520526267506,0.041872991684806106,sz.002371
600690,海尔智家,0.0030769157428129196,0.003487094161485236,0.04101784186723162,sh.600690
2025,航天电器,0.00045212359377536744,0.0008473746125269726,0.03952510187516052,sz.002025
601928,凤凰传媒,1.6624285350664547e-05,0.000391185064567042,0.03745607792163774,sh.601928
300769,德方纳米,1.0463947873489327e-05,0.0003839052574406327,0.037344130956714336,sz.300769
601838,成都银行,3.195283335345543e-05,0.00038892646216635385,0.03569736288128984,sh.601838
601100,恒立液压,0.0006062691753186752,0.000961802732336516,0.035553355701784084,sh.601100
601966,玲珑轮胎,0.001220062066923567,0.00156916713431598,0.0349105067392413,sh.601966
1951,锦欣生殖,0.00027024315146169684,0.0006188280988887903,0.03485849474270934,sz.001951
600763,通策医疗,0.006073283537216207,0.006421531693600763,0.03482481563845562,sh.600763
2324,普利特,0.00012188867189652946,0.00045276587724097967,0.03308772053444502,sz.002324
600085,同仁堂,2.5264396028080742e-05,0.0003484668518013731,0.03232024557732924,sh.600085
2597,金禾实业,4.1980524830606066e-05,0.00036367104129990044,0.03216905164692944,sz.002597
1066,威高股份,0.0006112355479216603,0.0009307704904194105,0.03195349424977502,sz.001066
603008,喜临门,1.691036529193359e-05,0.0003320500323478869,0.03151396670559533,sh.603008
603186,华正新材,0.0002125183008394707,0.000521547099792971,0.030902879895350028,sh.603186
603993,洛阳钼业,0.0005837470510052753,0.0008918290168128444,0.03080819658075691,sh.603993
603939,益丰药房,0.0004669569318147468,0.0007737520756332158,0.030679514381846896,sh.603939
2727,一心堂,0.0008764105543066885,0.0011797966996135308,0.03033861453068423,sz.002727
601952,苏垦农发,2.6066785104134693e-05,0.00032764521109128464,0.030157842598714995,sh.601952
338,潍柴动力,0.0006419925547093339,0.0009428078036809875,0.030081524897165358,sz.000338
601155,新城控股,3.881006404981749e-05,0.0003202639519253098,0.028145388787549228,sh.601155
939,建设银行,0.0015609737900812205,0.0018405432853606395,0.027956949527941893,sz.000939
603833,欧派家居,6.953666320815877e-05,0.0003473215369048027,0.027778487369664394,sh.603833
933,神火股份,3.393367320710138e-05,0.000308507789306461,0.02745741160993596,sz.000933
2043,兔宝宝,8.51103339371997e-06,0.0002677674118603384,0.025925637846661843,sz.002043
2841,视源股份,0.0010005760750199557,0.00125723701675612,0.025666094173616424,sz.002841
603712,七一二,4.6302752142837905e-05,0.0003015215985743332,0.02552188464314953,sh.603712
688358,祥生医疗,2.9660470440119552e-05,0.0002740363424261611,0.024437587198604154,sh.688358
300751,迈为股份,0.0022638380747667395,0.0024943608310519726,0.023052275628523314,sz.300751
600779,水井坊,0.00018014348405854684,0.00039860851550750534,0.02184650314489585,sh.600779
601988,中国银行,0.0006048238820795957,0.0008204056302739055,0.021558174819430984,sh.601988
603708,家家悦,0.0012213658716016716,0.0014363503049379914,0.021498443333631982,sh.603708
600862,中航高科,0.0002380352663601686,0.00044294689241353353,0.020491162605336493,sh.600862
2791,坚朗五金,0.0004933650270440398,0.0006961594845408818,0.0202794457496842,sz.002791
2511,中顺洁柔,0.00034186615038036866,0.0005355835360421318,0.01937173856617631,sz.002511
601398,工商银行,0.0021068968530164535,0.002298002997513468,0.019110614449701455,sh.601398
2028,思源电气,2.932660708132835e-05,0.00021687530991068978,0.018754870282936143,sz.002028
3908,中金公司,1.4220841505686242e-05,0.00019882432631894567,0.018460348481325942,sz.003908
3888,金山软件,0.0007555681530847351,0.0009301389562676345,0.01745708031828994,sz.003888
2206,海利得,1.0400650359369063e-05,0.0001619747976038379,0.015157414724446884,sz.002206
603599,广信股份,0.000543830521586081,0.0006854824724449735,0.01416519508588925,sh.603599
603596,伯特利,1.4447967879882489e-05,0.00015171855256805618,0.013727058468817369,sh.603596
601636,旗滨集团,7.140207818311482e-06,0.00013891430791475364,0.013177410009644215,sh.601636
2867,周大生,0.0008801401431288726,0.0010100014648274514,0.012986132169857879,sz.002867
2601,龙蟒佰利,0.0004954060615924863,0.0006199431124200462,0.012453705082755992,sz.002601
603885,吉祥航空,5.496458255549145e-05,0.00017824183625788986,0.012327725370239842,sh.603885
688016,心脉医疗,0.00024127895367690022,0.00036122161701004825,0.011994266333314805,sh.688016
603801,志邦家居,1.1388588030736339e-05,0.00012887861079107098,0.011749002276033465,sh.603801
1658,邮储银行,9.768295782030335e-06,0.00010665198399051452,0.00968836882084842,sz.001658
2402,和而泰,2.4251015238292577e-05,0.0001167373523396177,0.009248633710132513,sz.002402
5,汇丰控股,3.254361015191124e-05,0.00011760439330535696,0.008506078315344572,sz.000005
2409,雅克科技,1.4201604025904592e-05,8.495294615185777e-05,0.0070751342125953175,sz.002409
488,晨鸣纸业,1.0486288172590597e-05,8.047237148196923e-05,0.006998608330937863,sz.000488
300763,锦浪科技,4.700709212839183e-05,0.0001165678181184911,0.006956072599009926,sz.300763
600305,恒顺醋业,1.9845632368294905e-05,8.359801484839662e-05,0.0063752382480101715,sh.600305
2600,领益智造,0.00028957557751452647,0.0003495291256145183,0.005995354809999184,sz.002600
603737,三棵树,0.00010622005489630813,0.00015262836065066334,0.004640830575435521,sh.603737
600019,宝钢股份,3.687018141119054e-05,6.689122283569836e-05,0.0030021041424507823,sh.600019
600,建投能源,9.566612526254979e-06,3.743656972287766e-05,0.0027869957196622677,sz.000600
2851,麦格米特,4.599991697724291e-05,7.340313966641637e-05,0.0027403222689173466,sz.002851
603960,克来机电,0.00010290748499068093,0.0001297299257317736,0.0026822440741092676,sh.603960
402,金融街,4.106891651450147e-06,2.9495502421757323e-05,0.0025388610770307176,sz.000402
2080,中材科技,1.0504905088508323e-05,3.323752925730349e-05,0.0022732624168795164,sz.002080
603429,集友股份,0.0009111819887300874,0.0009338282433850701,0.002264625465498262,sh.603429
241,阿里健康,1.9252993878247325e-05,3.1766762354792034e-05,0.0012513768476544707,sz.000241
603606,东方电缆,8.280866256590496e-05,9.298568467209408e-05,0.001017702210618912,sh.603606
2507,涪陵榨菜,0.00012165285762823828,0.00013099740499356762,0.0009344547365329342,sz.002507
601808,中海油服,2.9427138427284066e-06,1.1660847564663458e-05,0.0008718133721935052,sh.601808
300702,天宇股份,0.00025456398487578886,0.0002605322896587284,0.0005968304782939522,sz.300702
600132,重庆啤酒,0.00017521744810671677,0.00017865358962073925,0.00034361415140224773,sh.600132
603661,恒林股份,9.022998581457407e-07,2.467259903613233e-06,0.0001564960045467492,sh.603661
601169,北京银行,4.0125659441336724e-06,5.619177238699395e-08,-0.00039563741717466786,sh.601169
2258,利尔化学,9.134700076963757e-06,2.715040688336769e-06,-0.0006419659388626988,sz.002258
688012,中微公司,6.21221661619928e-05,5.5453032771858455e-05,-0.0006669133390134346,sh.688012
600332,白云山,2.2387461954928298e-05,1.5329038794854697e-05,-0.0007058423160073601,sh.600332
601577,长沙银行,3.2801764719303696e-05,2.5532352331732646e-05,-0.000726941238757105,sh.601577
300034,钢研高纳,8.88026889275485e-06,1.168903934125352e-06,-0.0007711364958629497,sz.300034
603018,华设集团,1.0962881220084358e-05,2.4484653858865246e-06,-0.0008514415834197834,sh.603018
270,粤海投资,1.8297325527804105e-05,8.700711022706968e-06,-0.0009596614505097138,sz.000270
839,中教控股,2.5107393370507926e-05,1.4358819762411687e-05,-0.001074857360809624,sz.000839
300616,尚品宅配,3.295504399369296e-05,2.195679122462304e-05,-0.001099825276906992,sz.300616
603195,公牛集团,5.808539822716609e-05,4.646886973690583e-05,-0.0011616528490260261,sh.603195
600699,均胜电子,0.0006732106404479031,0.0006615785308277049,-0.0011632109620198145,sh.600699
2603,以岭药业,3.1234220399031246e-05,1.8232983564424196e-05,-0.001300123683460705,sz.002603
600068,葛洲坝,2.829771219494208e-05,1.4536984119229152e-05,-0.0013760728075712927,sh.600068
2773,康弘药业,2.6539034204580985e-05,1.208717626779072e-05,-0.0014451857936790267,sz.002773
601139,深圳燃气,2.7422096582945075e-05,1.1563039360167324e-05,-0.001585905722277775,sh.601139
3988,中国银行,2.020804166482662e-05,2.4534516865078964e-06,-0.0017754589978318722,sz.003988
2319,蒙牛乳业,3.056152917053745e-05,1.139638185093764e-05,-0.0019165147319599807,sz.002319
548,深圳高速公路股份,3.2789353442025214e-05,1.2610737833034722e-05,-0.002017861560899049,sz.000548
603043,广州酒家,3.266027615832898e-05,1.045953267649919e-05,-0.002220074348182979,sh.603043
300788,中信出版,3.931892641823531e-05,1.7021120732637794e-05,-0.0022297805685597516,sz.300788
300406,九强生物,2.991428106046454e-05,5.248656746372868e-06,-0.002466562431409167,sz.300406
2120,韵达股份,0.00042677293937020127,0.00040143593974061606,-0.0025336999629585206,sz.002120
522,ASM PACIFIC,4.112352613452679e-05,6.743012686439274e-06,-0.003438051344808751,sz.000522
69,华侨城A,0.00017249503443568146,0.00013313710330251536,-0.00393579311331661,sz.000069
688029,南微医学,0.000645329947169518,0.0006046863749842015,-0.004064357218531652,sh.688029
300438,鹏辉能源,9.814217507960723e-05,5.5612019049362946e-05,-0.004253015603024429,sz.300438
2318,中国平安,0.0002743947237113496,0.00023100092422865577,-0.004339379948269383,sz.002318
2048,宁波华翔,7.195313889427948e-05,1.6280079747984742e-05,-0.0055673059146294735,sz.002048
600597,光明乳业,0.00022399625006661213,0.00016568824910120775,-0.005830800096540438,sh.600597
601231,环旭电子,9.442561809856538e-05,2.9731201016513694e-05,-0.006469441708205169,sh.601231
603489,八方股份,7.262831237822897e-05,6.614135993456134e-06,-0.006601417638477283,sh.603489
2385,大北农,0.00046072026498230896,0.00039091657145666036,-0.006980369352564859,sz.002385
2461,珠江啤酒,7.281696379286193e-05,4.921095151707388e-07,-0.007232485427769118,sz.002461
603228,景旺电子,7.94718906695847e-05,6.4056702713241804e-06,-0.007306622039826053,sh.603228
2001,新和成,0.0008793898814173882,0.0008043796600768176,-0.007501022134057069,sz.002001
603308,应流股份,0.0005050508651655958,0.00042994319573537616,-0.007510766943021963,sh.603308
300607,拓斯达,8.455120589580403e-05,8.268820676578947e-06,-0.007628238521922508,sz.300607
601200,上海环境,0.00011646742598128792,2.9510844885207695e-05,-0.008695658109608023,sh.601200
688363,华熙生物,0.00022724862527743868,0.00013895074626544827,-0.008829787901199041,sh.688363
600461,洪城水业,0.00011414217318316408,2.536972221915868e-05,-0.00887724509640054,sh.600461
2739,万达电影,0.00019399198724587857,0.00010028716302812697,-0.009370482421775161,sz.002739
601138,工业富联,0.0001392371552763935,4.529018498233086e-05,-0.009394697029406264,sh.601138
998,隆平高科,0.0004370358245517791,0.0003396610449040311,-0.009737477964774796,sz.000998
300001,特锐德,0.000101892242509301,1.1671779069871848e-06,-0.010072506460231383,sz.300001
600837,海通证券,0.00010094526205295269,6.789040076790395e-08,-0.010087737165218479,sh.600837
603520,司太立,0.000430735860205221,0.00032731918374296416,-0.010341667646225681,sh.603520
2777,久远银海,0.00011486078613758824,1.0845203851482963e-05,-0.010401558228610528,sz.002777
601766,中国中车,0.0001310016522382559,2.4483311393313342e-05,-0.010651834084494254,sh.601766
601677,明泰铝业,0.00011647735500311069,7.691368708465504e-06,-0.010878598629464518,sh.601677
600919,江苏银行,0.00022718036325240705,0.00011649762634820562,-0.011068273690420143,sh.600919
601328,交通银行,0.0007642212956032938,0.0006521655459393144,-0.011205574966397945,sh.601328
300463,迈克生物,0.00013038108837433172,1.803084660846552e-05,-0.01123502417658662,sz.300463
401,冀东水泥,0.00012045827219018426,6.353889457179169e-06,-0.01141043827330051,sz.000401
603678,火炬电子,0.0012685777498051584,0.001142643581902899,-0.012593416790225943,sh.603678
603385,惠达卫浴,0.0001505903711668862,1.9994490149320232e-05,-0.013059588101756595,sh.603385
600282,南钢股份,0.00013265979888266125,1.4042189672954596e-06,-0.01312555799153658,sh.600282
600820,隧道股份,0.00018428326559478497,5.246086883744931e-05,-0.013182239675733566,sh.600820
300767,震安科技,0.00015080074231675646,1.8862599908268908e-05,-0.013193814240848754,sz.300767
300188,美亚柏科,0.0002923420512199004,0.00015725603118888236,-0.013508602003101805,sz.300188
300639,凯普生物,0.00021712288470978805,7.359549580192544e-05,-0.014352738890786263,sz.300639
2918,蒙娜丽莎,0.00014470866686461289,5.396711518668975e-07,-0.0144168995712746,sz.002918
2376,新北洋,0.00019058633276066274,4.5198705544008007e-05,-0.014538762721665472,sz.002376
581,威孚高科,0.00015727074116202985,1.187583383376182e-05,-0.014539490732826805,sz.000581
2627,宜昌交运,0.00017936281471773026,3.386081683497492e-05,-0.014550199788275535,sz.002627
600966,博汇纸业,0.00024400198791179947,9.813231403652195e-05,-0.014586967387527752,sh.600966
300142,沃森生物,0.00016283471676597393,1.2427778956389017e-05,-0.015040693780958491,sz.300142
600984,建设机械,0.00015925654552658718,2.7883009513123034e-06,-0.01564682445752749,sh.600984
603686,龙马环卫,0.0001690552489379498,1.2219121453463934e-05,-0.015683612748448587,sh.603686
300113,顺网科技,0.00018557652068720292,2.1258133795251644e-05,-0.01643183868919513,sz.300113
300470,中密控股,0.00023195374049371172,6.600519557143927e-05,-0.016594854492227248,sz.300470
975,银泰黄金,0.00017614891446646695,7.269067401993964e-06,-0.016887984706447298,sz.000975
601607,上海医药,0.0002288279603111257,5.866881311105679e-05,-0.01701591472000689,sh.601607
600801,华新水泥,0.0002960766045529961,0.00012536825515362547,-0.017070834939937062,sh.600801
600323,瀚蓝环境,0.0005441153603996222,0.00036619545187986636,-0.017791990851975588,sh.600323
2847,盐津铺子,0.0002822243779824808,9.975362886164022e-05,-0.018247074912084056,sz.002847
300673,佩蒂股份,0.00019871075486715796,1.436821702127504e-05,-0.01843425378458829,sz.300673
2568,百润股份,0.00039104521603249503,0.0002059802430529931,-0.018506497297950193,sz.002568
603337,杰克股份,0.0004967402738999233,0.0003020885025988245,-0.019465177130109885,sh.603337
603816,顾家家居,0.00039199716099975475,0.0001899487112129044,-0.020204844978685035,sh.603816
600015,华夏银行,0.0002360817313165353,3.081342003214443e-05,-0.020526831128439085,sh.600015
1999,敏华控股,0.0006377069406650735,0.00042087215600113587,-0.021683478466393766,sz.001999
300567,精测电子,0.0002852632792241174,6.784341447358719e-05,-0.021741986475053023,sz.300567
2675,东诚药业,0.0005471523999496671,0.00031326356941449053,-0.023388883053517658,sz.002675
603039,泛微网络,0.0005588090715696188,0.0003238600335772843,-0.023494903799233448,sh.603039
2466,天齐锂业,0.0013861683963801489,0.0011503805944401294,-0.023578780194001947,sz.002466
300651,金陵体育,0.00037098610969501025,0.0001324083362886226,-0.023857777340638764,sz.300651
300725,药石科技,0.0009098521203696978,0.000663531242863351,-0.024632087750634673,sz.300725
603666,亿嘉和,0.0002668896243410507,8.620546651178764e-06,-0.02582690776898719,sh.603666
600000,浦发银行,0.00030946837273647957,5.0818266344293666e-05,-0.02586501063921859,sh.600000
671,阳光城,0.00027543044480023897,1.2766080275469758e-05,-0.02626643645247692,sz.000671
600882,妙可蓝多,0.0003531045619560354,8.81777401883332e-05,-0.02649268217677022,sh.600882
1109,华润置地,0.0009605590142548056,0.0006940717588268722,-0.02664872554279334,sz.001109
538,云南白药,0.00042448429984004893,0.0001579880584762583,-0.02664962413637906,sz.000538
2609,捷顺科技,0.0003244475432838812,5.1984101785728936e-05,-0.02724634414981523,sz.002609
2484,江海股份,0.00031664271156730693,4.264245935238261e-05,-0.027400025221492433,sz.002484
2967,广电计量,0.00032765772015196093,5.262464963478205e-05,-0.027503307051717888,sz.002967
688139,海尔生物,0.00040546649966622885,0.00013016430922821231,-0.027530219043801655,sh.688139
601098,中南传媒,0.000773458388717805,0.000494267624435827,-0.0279190764281978,sh.601098
688023,安恒信息,0.0003677120147489464,8.824083606927286e-05,-0.027947117867967355,sh.688023
300662,科锐国际,0.0006298040598579993,0.00035031811179745385,-0.027948594806054543,sz.300662
600298,安琪酵母,0.0028908173279161564,0.0026061793896094004,-0.0284637938306756,sh.600298
600741,华域汽车,0.00030503940843965276,1.5756518182740738e-05,-0.0289282890256912,sh.600741
601021,春秋航空,0.0006013251430147913,0.00031057844652988197,-0.029074669648490932,sh.601021
600009,上海机场,0.0004006378922410348,0.000108076915283468,-0.02925609769575668,sh.600009
600161,天坛生物,0.00038379392728254123,7.634294744430112e-05,-0.030745097983824007,sh.600161
603208,江山欧派,0.0007481350391226514,0.0004374583178949556,-0.031067672122769587,sh.603208
2643,万润股份,0.00038347868083966766,6.991848265525023e-05,-0.031356019818441744,sz.002643
2262,恩华药业,0.0005258571303952454,0.00021122352993715833,-0.03146336004580871,sz.002262
2831,裕同科技,0.00065572315076252,0.00033586416876164985,-0.031985898200087015,sz.002831
600886,国投电力,0.00039940855522660105,7.55025640088069e-05,-0.03239059912177941,sh.600886
688169,石头科技,0.001240209913893593,0.0009134555615116981,-0.03267543523818948,sh.688169
300498,温氏股份,0.0004937901132908278,0.000162998331696771,-0.033079178159405684,sz.300498
600486,扬农化工,0.0004997531114592752,0.00016423781096276804,-0.03355153004965072,sh.600486
300224,正海磁材,0.001620338170431934,0.001280107068117627,-0.0340231102314307,sz.300224
601816,京沪高铁,0.0003777868690797553,3.661709039383457e-05,-0.03411697786859207,sh.601816
2925,盈趣科技,0.0022204432848902506,0.001872935828443414,-0.03475074564468367,sz.002925
2653,海思科,0.00036785288274605713,1.2970902162532248e-05,-0.03548819805835249,sz.002653
2332,仙琚制药,0.0005284504667825845,0.00015165833339901347,-0.037679213338357095,sz.002332
300308,中际旭创,0.0005180082386443324,0.0001340770209696439,-0.03839312176746885,sz.300308
300661,圣邦股份,0.0013571644825080612,0.0009714138267842095,-0.038575065572385166,sz.300661
2572,索菲亚,0.0008677332097974369,0.00047818220219286885,-0.0389551007604568,sz.002572
786,北新建材,0.0005058042296963997,0.00011277151731848923,-0.03930327123779105,sz.000786
300699,光威复材,0.0004669892011356709,7.320311229918212e-05,-0.03937860888364888,sz.300699
300523,辰安科技,0.00045767826092135266,4.509955487395997e-05,-0.04125787060473927,sz.300523
300502,新易盛,0.00047458738508555844,6.188459345025514e-05,-0.04127027916353033,sz.300502
2706,良信股份,0.0006697714755140353,0.0002516927293417955,-0.041807874617223975,sz.002706
601799,星宇股份,0.002211207432903467,0.0017803699519274804,-0.04308374809759868,sh.601799
300070,碧水源,0.00045131934300772167,1.1211505166360635e-06,-0.045019819249108556,sz.300070
600867,通化东宝,0.000595173493431711,0.00013856622577522327,-0.04566072676564877,sh.600867
2299,圣农发展,0.0005869510222347157,0.00012805548762695844,-0.04588955346077574,sz.002299
2340,格林美,0.0006330682257822404,0.00016865586509409632,-0.04644123606881441,sz.002340
34,神州数码,0.00047049724865843423,5.039999243447785e-07,-0.046999324873408944,sz.000034
601128,常熟银行,0.0005162396316321485,3.8770405139094524e-05,-0.047746922649305405,sh.601128
300572,安车检测,0.0005197309239305859,4.0886706191280455e-05,-0.04788442177393055,sz.300572
739,普洛药业,0.0007578642393812545,0.0002771999583896282,-0.04806642809916264,sz.000739
300033,同花顺,0.0005234772679770961,3.7782734054476714e-05,-0.04856945339226194,sz.300033
300568,星源材质,0.0009227617104309124,0.00043203897624269724,-0.049072273418821505,sz.300568
963,华东医药,0.0005141781184761925,2.2293750078151874e-05,-0.04918843683980406,sz.000963
1088,中国神华,0.0005021435234631111,1.8566298582883565e-06,-0.05002868936048228,sz.001088
2157,正邦科技,0.0005946758012128438,5.79229776065755e-05,-0.05367528236062683,sz.002157
600765,中航重机,0.0005576175889508843,4.264054154445131e-06,-0.05533535347964391,sh.600765
425,徐工机械,0.000564158952640509,5.676903257431426e-06,-0.05584820493830775,sz.000425
600584,长电科技,0.0013979026384830914,0.0008355762581336351,-0.05623263803494563,sh.600584
2607,中公教育,0.0006475298460671291,6.629631881541011e-05,-0.0581233527251719,sz.002607
603507,振江股份,0.0007409234664599887,0.00015715994901152437,-0.058376351744846434,sh.603507
300083,创世纪,0.0013004195022269715,0.0007139440846109687,-0.05864754176160028,sz.300083
300015,爱尔眼科,0.008624365110496846,0.008031360767018476,-0.059300434347837015,sz.300015
300285,国瓷材料,0.002452022204810152,0.0018527064068225092,-0.059931579798764255,sz.300285
601211,国泰君安,0.0006138530862996925,2.88399956708401e-06,-0.06109690867326085,sh.601211
2422,科伦药业,0.0007074272907769539,9.558239661106984e-05,-0.06118448941658841,sz.002422
300628,亿联网络,0.0013263963055708372,0.0007140209887090137,-0.061237531686182345,sz.300628
2236,大华股份,0.001423664106166175,0.0008052093037878965,-0.061845480237827856,sz.002236
600380,健康元,0.0006229151804045771,2.458629767922397e-06,-0.06204565506366547,sh.600380
300316,晶盛机电,0.0011606449386444195,0.0005337249883759121,-0.06269199502685074,sz.300316
300132,青松股份,0.000779440624366034,0.0001450833206873558,-0.06343573036786783,sz.300132
600201,生物股份,0.0009976786623392938,0.00036053945272888595,-0.06371392096104078,sh.600201
2142,宁波银行,0.003797492781866427,0.0031443713362188878,-0.06531214456475393,sz.002142
300014,亿纬锂能,0.006547663653971217,0.005882195966341048,-0.06654676876301693,sz.300014
603096,新经典,0.0009072848476646437,0.00023837259435497413,-0.06689122533096696,sh.603096
600745,闻泰科技,0.0010823521193162908,0.00037219569755451434,-0.07101564217617765,sh.600745
603233,大参林,0.0017515806014493927,0.0010397825288501787,-0.0711798072599214,sh.603233
921,海信家电,0.0007248669970448148,1.2378874854140948e-05,-0.07124881221906738,sz.000921
300379,东方通,0.0009025617360963168,0.00018118030157022265,-0.07213814345260941,sz.300379
28,国药一致,0.0007388358896217478,3.156903635707534e-06,-0.07356789859860402,sz.000028
2557,洽洽食品,0.0007546826084509154,9.455560224465358e-06,-0.074522704822645,sz.002557
300035,中科电气,0.0010674585865821109,0.0003165146374196247,-0.07509439491624863,sz.300035
600674,川投能源,0.001152318212718285,0.00039964950165261313,-0.0752668711065672,sh.600674
6186,中国飞鹤,0.0008638037994110689,8.92739592018624e-05,-0.07745298402092066,sz.006186
2230,科大讯飞,0.0009408070870299633,0.0001616656469653129,-0.07791414400646504,sz.002230
600521,华海药业,0.0009507379705443417,0.00016900471435679922,-0.07817332561875424,sh.600521
600522,中天科技,0.0011194928665721523,0.00032196274619085245,-0.07975301203812998,sh.600522
601336,新华保险,0.000938175275683061,0.00013804400667553118,-0.08001312690075299,sh.601336
300144,宋城演艺,0.0011194283279303042,0.0003072500908651165,-0.08121782370651878,sz.300144
2311,海大集团,0.009502374237317009,0.008676985437227312,-0.08253888000896975,sz.002311
300558,贝达药业,0.0013020720637966017,0.0004721457099483193,-0.08299263538482825,sz.300558
603866,桃李面包,0.0010717454417540988,0.00022130582979357148,-0.08504396119605273,sh.603866
600809,山西汾酒,0.009964722861878253,0.00911279328961659,-0.0851929572261663,sh.600809
175,吉利汽车,0.0011290551351513598,0.00026008102945249427,-0.08689741056988656,sz.000175
27,银河娱乐,0.0011727602069598112,0.00025120598968883236,-0.09215542172709787,sz.000027
2269,药明生物,0.005340865519075166,0.0044106715296967315,-0.09301939893784344,sz.002269
300207,欣旺达,0.002179329067213683,0.0012234889670275056,-0.09558401001861772,sz.300207
1914,招商积余,0.0010575872771986688,9.578645137495981e-05,-0.0961800825823709,sz.001914
968,信义光能,0.0015016689838614431,0.0005246729349401916,-0.09769960489212515,sz.000968
603786,科博达,0.0009984307857423698,5.373697823493415e-06,-0.09930570879188765,sh.603786
2439,启明星辰,0.0010657557593395028,3.315065255801574e-05,-0.1032605106781487,sz.002439
603345,安井食品,0.003016986649346034,0.00198253663390909,-0.10344500154369439,sh.603345
2044,美年健康,0.00317080767598851,0.0020592290059584734,-0.11115786700300365,sz.002044
601222,林洋能源,0.0011979544792712685,7.268626306169767e-05,-0.11252682162095709,sh.601222
300674,宇信科技,0.00154215519090772,0.0003998618029906077,-0.11422933879171124,sz.300674
300659,中孚信息,0.001553963280110469,0.000384869914830075,-0.11690933652803939,sz.300659
603658,安图生物,0.0015231535253943619,0.0003351685798249686,-0.11879849455693932,sh.603658
708,中信特钢,0.0016553987876159217,0.0004543095208448804,-0.12010892667710413,sz.000708
603883,老百姓,0.002672622108849507,0.0014655458621992937,-0.12070762466502133,sh.603883
300271,华宇软件,0.0012575372981020836,4.7035965542190275e-05,-0.12105013325598933,sz.300271
1579,颐海国际,0.001295725557160249,7.228697545040169e-05,-0.12234385817098475,sz.001579
601933,永辉超市,0.001230210147790319,5.805971731207696e-06,-0.12244041760591114,sh.601933
600436,片仔癀,0.0014142985563318313,0.0001874636156955301,-0.12268349406363013,sh.600436
3968,招商银行,0.0014739204706860738,0.0002455505658802315,-0.12283699048058422,sz.003968
300737,科顺股份,0.0012756037738725077,3.614070690370046e-05,-0.12394630669688071,sz.300737
603517,绝味食品,0.001446496512411537,0.00020378051735579574,-0.12427159950557413,sh.603517
300369,绿盟科技,0.0015019290001204275,0.00025373423588466085,-0.12481947642357667,sz.300369
300059,东方财富,0.004335516687377769,0.0030674641696812007,-0.1268052517696568,sz.300059
300529,健帆生物,0.004867521123409047,0.0035805435721151164,-0.1286977551293931,sz.300529
600563,法拉电子,0.0017965404533906986,0.00042040670401621014,-0.13761337493744885,sh.600563
603368,柳药股份,0.0017539586021759499,0.00036818594473175917,-0.13857726574441906,sh.603368
596,古井贡酒,0.008495803515371542,0.007104256358240532,-0.13915471571310103,sz.000596
300212,易华录,0.001892863755785144,0.0004666013272189405,-0.14262624285662034,sz.300212
600585,海螺水泥,0.0015731169837704887,3.460626877786995e-05,-0.1538510714992619,sh.600585
603369,今世缘,0.0018034764956977789,0.0001692655362354555,-0.16342109594623236,sh.603369
603338,浙江鼎力,0.0018214349933558804,0.0001843278079470669,-0.16371071854088134,sh.603338
300253,卫宁健康,0.0019375412511683646,0.00027885771156544104,-0.16586835396029234,sz.300253
300454,深信服,0.01038764892585599,0.008697839872453024,-0.16898090534029664,sz.300454
300630,普利制药,0.0019776544993324228,0.00022337591167461318,-0.17542785876578096,sz.300630
300146,汤臣倍健,0.0021157647106319296,0.00031198515864748813,-0.18037795519844413,sz.300146
603288,海天味业,0.002069589174081197,0.00025180012658594815,-0.18177890474952488,sh.603288
2384,东山精密,0.0019650992512375088,8.469960372413345e-05,-0.18803996475133752,sz.002384
300012,华测检测,0.0038340576458565662,0.001893330948669582,-0.1940726697186984,sz.300012
300115,长盈精密,0.0020796398264213123,0.00010582368274498745,-0.1973816143676325,sz.300115
300724,捷佳伟创,0.0021461512407928407,0.0001182691055343444,-0.2027882135258496,sz.300724
300118,东方日升,0.002104625589274491,6.163853869266977e-05,-0.20429870505818212,sz.300118
600887,伊利股份,0.005569977077072105,0.0034875747641528176,-0.20824023129192873,sh.600887
300450,先导智能,0.003687885068836957,0.001455443233578809,-0.22324418352581482,sz.300450
2508,老板电器,0.002639178681094906,0.00013756704784301767,-0.25016116332518884,sz.002508
600383,金地集团,0.002977488379971125,0.00043148089413468994,-0.25460074858364345,sh.600383
2555,三七互娱,0.002646555944309237,3.378046068265358e-05,-0.2612775483626583,sz.002555
513,丽珠集团,0.0032812990719602083,0.0006359046442706424,-0.2645394427689566,sz.000513
423,东阿阿胶,0.0026667093763540375,1.9216051910006892e-05,-0.2647493324444031,sz.000423
603444,吉比特,0.0033834054090025626,0.0005923128699922681,-0.2791092539010295,sh.603444
2410,广联达,0.005996059949425622,0.002837766779503447,-0.3158293169922175,sz.002410
895,双汇发展,0.0034331733897615536,0.00022383618557812442,-0.32093372041834295,sz.000895
688111,金山办公,0.005817044650471688,0.0025785079143110998,-0.3238536736160588,sh.688111
2714,牧原股份,0.012584461138808005,0.00932955698310568,-0.32549041557023256,sz.002714
2127,南极电商,0.003503885400927985,1.3539532214161727e-05,-0.34903458687138234,sz.002127
601688,华泰证券,0.0036913627087303874,0.00019459038174902187,-0.34967723269813655,sh.601688
600588,用友网络,0.0038492831802579464,0.00030295055726394237,-0.3546332622994004,sh.600588
600030,中信证券,0.004315456339912556,0.00015264408667569997,-0.4162812253236856,sh.600030
600703,三安光电,0.004311395990550901,0.0001457756493505539,-0.4165620341200347,sh.600703
2460,赣锋锂业,0.0153170725358192,0.011065219380100357,-0.4251853155718844,sz.002460
300482,万孚生物,0.004655746258078559,8.289648070712828e-05,-0.45728497773714305,sz.300482
600183,生益科技,0.005059795389879583,0.0003620236442869165,-0.46977717455926665,sh.600183
601899,紫金矿业,0.006293614737102485,0.0015342655231166907,-0.47593492139857946,sh.601899
603986,兆易创新,0.005530521626603805,0.0005277105509225725,-0.5002811075681233,sh.603986
600048,保利地产,0.006010272723601078,0.0009425774749484386,-0.5067695248652639,sh.600048
300357,我武生物,0.005135545759057215,3.618366580136151e-05,-0.5099362093255854,sz.300357
600570,恒生电子,0.007435736464972632,0.002149364444483074,-0.5286372020489557,sh.600570
600406,国电南瑞,0.009714935357063085,0.003922936726198073,-0.5791998630865012,sh.600406
600529,山东药玻,0.006361814705747751,0.00047175006617209287,-0.5890064639575658,sh.600529
603882,金域医学,0.007458905216832242,0.0013260191982120775,-0.6132886018620165,sh.603882
300677,英科医疗,0.007078029180837872,0.0009429105981861051,-0.6135118582651767,sz.300677
2624,完美世界,0.007248227508413168,0.0010410653505754232,-0.6207162157837744,sz.002624
876,新希望,0.006492022656804048,5.7534237938901656e-05,-0.6434488418865146,sz.000876
300601,康泰生物,0.008419237104712849,0.0019366557640839196,-0.6482581340628929,sz.300601
300760,迈瑞医疗,0.02219582438698216,0.015692708493689048,-0.6503115893293113,sz.300760
2,万科A,0.008925118904892242,0.0021666352638083663,-0.6758483641083877,sz.000002
860,顺鑫农业,0.011265277026463695,0.004210707258343423,-0.7054569768120271,sz.000860
661,长春高新,0.023098441973826225,0.015205437799709764,-0.7893004174116461,sz.000661
977,浪潮信息,0.00821195015724626,4.078755552123242e-05,-0.8171162601725028,sz.000977
2007,华兰生物,0.010680327322690135,4.316487023286783e-05,-1.0637162452457267,sz.002007
300413,芒果超媒,0.013068710082691,0.0023361010191918496,-1.073260906349915,sz.300413
63,中兴通讯,0.011104409497146356,0.0001381469929614418,-1.0966262504184916,sz.000063
2475,立讯精密,0.02259355369639297,0.007996830059873098,-1.4596723636519873,sz.002475
600276,恒瑞医药,0.022823956027226866,0.006752537287749265,-1.60714187394776,sh.600276
651,格力电器,0.019480886648815515,0.0022892257659543024,-1.7191660882861213,sz.000651
603160,汇顶科技,0.01437761393406554,,,sh.603160
300003,乐普医疗,0.006051607862013202,,,sz.300003
600104,上汽集团,0.004936436602189417,,,sh.600104
600872,中炬高新,0.0037313369505889266,,,sh.600872
2916,深南电路,0.0036282842536540867,,,sz.002916
300383,光环新网,0.003118873927344424,,,sz.300383
600546,山煤国际,0.00284211113192834,,,sh.600546
1918,融创中国,0.0027007466837264144,,,sz.001918
600536,中国软件,0.0024238908037307414,,,sh.600536
300598,诚迈科技,0.0021844288610474113,,,sz.300598
603019,中科曙光,0.001949477176527082,,,sh.603019
603707,健友股份,0.0019355628935701745,,,sh.603707
788,中国铁塔,0.0018179809348892785,,,sz.000788
2850,科达利,0.0017406406810922732,,,sz.002850
2217,合力泰,0.0017105855320346981,,,sz.002217
2456,欧菲光,0.0016466587661564138,,,sz.002456
300166,东方国信,0.00163763949095814,,,sz.300166
300078,思创医惠,0.0015584760205289256,,,sz.300078
300326,凯利泰,0.001505720645329004,,,sz.300326
1177,中国生物制药,0.001423616943312517,,,sz.001177
601628,中国人寿,0.00137003994155676,,,sh.601628
300010,豆神教育,0.001311632470684217,,,sz.300010
625,长安汽车,0.001281862781004047,,,sz.000625
300233,金城医药,0.0012464602331310373,,,sz.300233
2212,天融信,0.0012396507858521975,,,sz.002212
9,中国宝安,0.0012254069834835458,,,sz.000009
961,中南建设,0.001118393227405279,,,sz.000961
600196,复星医药,0.0011144296860063948,,,sh.600196
300203,聚光科技,0.001072368487873479,,,sz.300203
288,万洲国际,0.0009974484331457779,,,sz.000288
300315,掌趣科技,0.0009817450645691768,,,sz.300315
600673,东阳光,0.0009533555089223739,,,sh.600673
2126,银轮股份,0.0009352182888714623,,,sz.002126
300738,奥飞数据,0.0009326230907925314,,,sz.300738
603515,欧普照明,0.0009151653881726167,,,sh.603515
2202,万科企业,0.0008578674854887704,,,sz.002202
300036,超图软件,0.0008545791175738363,,,sz.300036
688018,乐鑫科技,0.000847100702449686,,,sh.688018
763,中兴通讯,0.0007510479658999115,,,sz.000763
2695,煌上煌,0.000721943520681868,,,sz.002695
2328,中国财险,0.0007211510606276369,,,sz.002328
300296,利亚德,0.0007089793210006282,,,sz.300296
2202,金风科技,0.0007000698856062689,,,sz.002202
2602,世纪华通,0.0006979258374564109,,,sz.002602
2238,广汽集团,0.0006860482451009024,,,sz.002238
2463,沪电股份,0.0006754967977225997,,,sz.002463
656,金科股份,0.0006183850641979307,,,sz.000656
603005,晶方科技,0.00061454377388024,,,sh.603005
938,紫光股份,0.0006028362160234467,,,sz.000938
600612,老凤祥,0.000572251725989944,,,sh.600612
300792,壹网壹创,0.00056614848038825,,,sz.300792
813,世茂集团,0.0005654826153622593,,,sz.000813
300192,科德教育,0.0005632597556016829,,,sz.300192
601186,中国铁建,0.0005601445250047834,,,sh.601186
600487,亨通光电,0.0005175428157463893,,,sh.600487
2035,华帝股份,0.0005174993762759147,,,sz.002035
600498,烽火通信,0.0005129543665365341,,,sh.600498
2405,四维图新,0.000511816872973961,,,sz.002405
300133,华策影视,0.0005107885986514386,,,sz.300133
2683,宏大爆破,0.00048808651081750086,,,sz.002683
603568,伟明环保,0.0004867640892234784,,,sh.603568
300427,红相股份,0.0004782381622970243,,,sz.300427
300684,中石科技,0.0004757732826295175,,,sz.300684
2465,海格通信,0.000468240257885342,,,sz.002465
603605,珀莱雅,0.00046604842631796183,,,sh.603605
600547,山东黄金,0.0004617559860711984,,,sh.600547
2063,远光软件,0.00045886415846531174,,,sz.002063
600372,中航电子,0.00045493164525962427,,,sh.600372
300251,光线传媒,0.0004360094119208485,,,sz.300251
603679,华体科技,0.00043171821280181294,,,sh.603679
601238,广汽集团,0.00042353049318119747,,,sh.601238
2531,天顺风能,0.00041613895699799667,,,sz.002531
600271,航天信息,0.0004159800926488321,,,sh.600271
300348,长亮科技,0.00039456319257708124,,,sz.300348
2208,金风科技,0.0003834687518178449,,,sz.002208
2601,中国太保,0.00038293506689487017,,,sz.002601
2129,中环股份,0.00038260678861085426,,,sz.002129
2180,纳思达,0.0003803963401275564,,,sz.002180
2343,慈文传媒,0.0003722861909899314,,,sz.002343
600606,绿地控股,0.0003698684741760828,,,sh.600606
600988,赤峰黄金,0.0003687843491058073,,,sh.600988
300573,兴齐眼药,0.0003678181311696774,,,sz.300573
603721,中广天择,0.00036614633212026567,,,sh.603721
2301,齐心集团,0.0003520651174839623,,,sz.002301
300114,中航电测,0.0003496424361592024,,,sz.300114
600636,国新文化,0.00034716204239509756,,,sh.600636
300258,精锻科技,0.0003441516870912014,,,sz.300258
600388,龙净环保,0.0003369847950267412,,,sh.600388
300302,同有科技,0.0003362115724522917,,,sz.300302
300352,北信源,0.00032748830621710963,,,sz.300352
600297,广汇汽车,0.00031030365169732154,,,sh.600297
2233,塔牌集团,0.00029982170747177845,,,sz.002233
2398,垒知集团,0.000299481017910484,,,sz.002398
2032,苏泊尔,0.0002978613462256419,,,sz.002032
300575,中旗股份,0.00029292165786880557,,,sz.300575
3323,中国建材,0.00028969100239321634,,,sz.003323
600466,蓝光发展,0.00028140026917118947,,,sh.600466
300569,天能重工,0.00027397522253933676,,,sz.300569
300596,利安隆,0.0002654164057280947,,,sz.300596
601377,兴业证券,0.0002516237532885161,,,sh.601377
300815,玉禾田,0.0002475751946402748,,,sz.300815
2131,利欧股份,0.0002333853813277848,,,sz.002131
2891,中宠股份,0.00022681795395587532,,,sz.002891
600998,九州通,0.00021117105669089136,,,sh.600998
2803,吉宏股份,0.00021029854389821394,,,sz.002803
688008,澜起科技,0.00020671602871177972,,,sh.688008
690,宝新能源,0.00019825091704399016,,,sz.000690
300420,五洋停车,0.0001970401969454741,,,sz.300420
2292,奥飞娱乐,0.00018906098678313715,,,sz.002292
2174,游族网络,0.00018867375493204848,,,sz.002174
600970,中材国际,0.00018602642948854794,,,sh.600970
878,云南铜业,0.0001850384918171807,,,sz.000878
2399,海普瑞,0.00018477475217501288,,,sz.002399
600362,江西铜业,0.00017891787042729657,,,sh.600362
2462,嘉事堂,0.00017687125080407471,,,sz.002462
2901,大博医疗,0.00017421834028579888,,,sz.002901
600718,东软集团,0.0001700667680361462,,,sh.600718
300418,昆仑万维,0.00016569613674252828,,,sz.300418
30,富奥股份,0.00016323622158593285,,,sz.000030
573,粤宏远A,0.00016121318338954007,,,sz.000573
2449,国星光电,0.0001571050506103621,,,sz.002449
300459,金科文化,0.00015161864548940852,,,sz.300459
726,鲁泰A,0.00013993963357035566,,,sz.000726
2366,台海核电,0.0001381257253961053,,,sz.002366
300772,运达股份,0.0001372476275286526,,,sz.300772
601117,中国化学,0.0001300372959937177,,,sh.601117
300136,信维通信,0.00012958118155373345,,,sz.300136
603260,合盛硅业,0.00012760468564713498,,,sh.603260
603638,艾迪精密,0.00011815411856343382,,,sh.603638
600496,精工钢构,0.00011607274736383215,,,sh.600496
3808,中国重汽,0.00011165495321655599,,,sz.003808
600216,浙江医药,0.00010874637038634343,,,sh.600216
2223,鱼跃医疗,0.00010730107714726402,,,sz.002223
300220,金运激光,0.00010664762339855188,,,sz.300220
667,美好置业,0.00010462706745761478,,,sz.000667
6865,福莱特玻璃,0.00010063187730167099,,,sz.006865
1797,新东方在线,9.793056280200909e-05,,,sz.001797
723,美锦能源,9.741115084790457e-05,,,sz.000723
600131,国网信通,9.735902348333493e-05,,,sh.600131
6049,保利物业,9.729758766080644e-05,,,sz.006049
2942,新农股份,9.644245065631893e-05,,,sz.002942
2544,杰赛科技,9.489476437969206e-05,,,sz.002544
751,锌业股份,9.334335471988165e-05,,,sz.000751
6808,高鑫零售,9.311498721795755e-05,,,sz.006808
300695,兆丰股份,9.263529135114416e-05,,,sz.300695
300625,三雄极光,9.153627274813446e-05,,,sz.300625
600011,华能国际,8.858052706426365e-05,,,sh.600011
300255,常山药业,8.845641429147882e-05,,,sz.300255
600713,南京医药,8.779179039321603e-05,,,sh.600713
600531,豫光金铅,8.755783781651662e-05,,,sh.600531
603081,大丰实业,8.497629214259207e-05,,,sh.603081
2396,星网锐捷,8.312763239196198e-05,,,sz.002396
914,海螺水泥,8.27453650517847e-05,,,sz.000914
2182,云海金属,8.241212225685741e-05,,,sz.002182
300559,佳发教育,7.970522268242019e-05,,,sz.300559
300449,汉邦高科,7.838652447158134e-05,,,sz.300449
35,中国天楹,7.74097569497647e-05,,,sz.000035
2156,通富微电,7.584407432108401e-05,,,sz.002156
300690,双一科技,7.569513899374222e-05,,,sz.300690
2616,长青集团,7.410339268277672e-05,,,sz.002616
300526,中潜股份,7.248930607270995e-05,,,sz.300526
60,中金岭南,7.155597802136801e-05,,,sz.000060
601997,贵阳银行,7.097450968087106e-05,,,sh.601997
300497,富祥药业,7.000891230860506e-05,,,sz.300497
6169,宇华教育,6.951866685610496e-05,,,sz.006169
300552,万集科技,6.907868707658271e-05,,,sz.300552
600195,中牧股份,6.888879453422193e-05,,,sh.600195
300043,星辉娱乐,6.65591977890506e-05,,,sz.300043
600603,广汇物流,6.579838649187957e-05,,,sh.600603
2579,中京电子,6.571771318956943e-05,,,sz.002579
2835,同为股份,6.514307105157566e-05,,,sz.002835
600999,招商证券,6.499785910741741e-05,,,sh.600999
300783,三只松鼠,6.433447633688247e-05,,,sz.300783
2912,中新赛克,6.356311545402472e-05,,,sz.002912
2946,新乳业,6.173121092772057e-05,,,sz.002946
300696,爱乐达,5.673194843994748e-05,,,sz.300696
2869,绿城服务,5.607042736100431e-05,,,sz.002869
2242,九阳股份,5.605367213667836e-05,,,sz.002242
631,顺发恒业,5.398905616140265e-05,,,sz.000631
2197,证通电子,5.2582858445750485e-05,,,sz.002197
601066,中信建投,5.1760611326050964e-05,,,sh.601066
2548,金新农,4.948190081772142e-05,,,sz.002548
2626,金达威,4.9260359518300485e-05,,,sz.002626
2373,千方科技,4.246022069741945e-05,,,sz.002373
603377,东方时尚,4.108505117496349e-05,,,sh.603377
600325,华发股份,3.990225645032403e-05,,,sh.600325
2940,昂利康,3.838249554757374e-05,,,sz.002940
688015,交控科技,3.7094204966067164e-05,,,sh.688015
300248,新开普,3.630857111433917e-05,,,sz.300248
300068,南都电源,3.579164141569033e-05,,,sz.300068
300715,凯伦股份,3.57444785620321e-05,,,sz.300715
2605,姚记科技,3.566256413199411e-05,,,sz.002605
603239,浙江仙通,3.530636047410164e-05,,,sh.603239
2281,光迅科技,3.420858299881978e-05,,,sz.002281
300664,鹏鹞环保,3.365566059606335e-05,,,sz.300664
600217,中再资环,3.323740055177846e-05,,,sh.600217
601163,三角轮胎,3.267268743560746e-05,,,sh.601163
601990,南京证券,3.2643520934003026e-05,,,sh.601990
300456,赛微电子,3.248155376551882e-05,,,sz.300456
910,大亚圣象,3.2076325562376336e-05,,,sz.000910
600055,万东医疗,3.126524859222745e-05,,,sh.600055
600621,华鑫股份,3.0741492691075454e-05,,,sh.600621
603214,爱婴室,3.0042117216432918e-05,,,sh.603214
600893,航发动力,2.9903731474777825e-05,,,sh.600893
2661,克明面业,2.9146022996926417e-05,,,sz.002661
600802,福建水泥,2.8732106899688996e-05,,,sh.600802
603609,禾丰股份,2.8493189812078195e-05,,,sh.603609
300604,长川科技,2.7753477686280583e-05,,,sz.300604
600026,中远海能,2.7301707193343787e-05,,,sh.600026
600511,国药股份,2.6774227909008243e-05,,,sh.600511
2414,高德红外,2.6515452777751865e-05,,,sz.002414
600729,重庆百货,2.5875030870182125e-05,,,sh.600729
600823,世茂股份,2.573168061761564e-05,,,sh.600823
600166,福田汽车,2.5670865358951075e-05,,,sh.600166
601698,中国卫通,2.5459873645216854e-05,,,sh.601698
756,新华制药,2.464321160029265e-05,,,sz.000756
300676,华大基因,2.4126281901643815e-05,,,sz.300676
2818,富森美,2.4076636792529885e-05,,,sz.002818
300026,红日药业,2.3906602293814663e-05,,,sz.300026
600167,联美控股,2.3875574100618455e-05,,,sh.600167
590,启迪药业,2.3506959165447498e-05,,,sz.000590
600211,西藏药业,2.3490824504985472e-05,,,sh.600211
600557,康缘药业,2.346972533361205e-05,,,sh.600557
2367,康力电梯,2.3414495149722798e-05,,,sz.002367
3319,雅生活服务,2.180351135897566e-05,,,sz.003319
300723,一品红,2.1646508701402842e-05,,,sz.300723
601916,浙商银行,2.047488412631401e-05,,,sh.601916
2677,浙江美大,2.035697699216842e-05,,,sz.002677
600016,民生银行,2.016956670526332e-05,,,sh.600016
601881,中国银河,1.9419925557642926e-05,,,sh.601881
166,申万宏源,1.9381450598079627e-05,,,sz.000166
6862,海底捞,1.9349801841019496e-05,,,sz.006862
300223,北京君正,1.9280919252123913e-05,,,sz.300223
600879,航天电子,1.8148390200462304e-05,,,sh.600879
2204,大连重工,1.7901405782620487e-05,,,sz.002204
603538,美诺华,1.7606637947256508e-05,,,sh.603538
1310,香港宽频,1.7350345071455823e-05,,,sz.001310
600967,内蒙一机,1.6716749366389247e-05,,,sh.600967
6030,中信证券,1.6103011704968248e-05,,,sz.006030
2130,沃尔核材,1.5292555298683282e-05,,,sz.002130
2100,天康生物,1.5077219637901596e-05,,,sz.002100
2628,中国人寿,1.4718533724553426e-05,,,sz.002628
2632,道明光学,1.4341851459151456e-05,,,sz.002632
300016,北陆药业,1.4234493910692574e-05,,,sz.300016
2434,万里扬,1.4027225580141902e-05,,,sz.002434
600990,四创电子,1.3929176489641884e-05,,,sh.600990
601369,陕鼓动力,1.3826162888230472e-05,,,sh.601369
300590,移为通信,1.3781482290027933e-05,,,sz.300590
1186,中国铁建,1.3460650772379136e-05,,,sz.001186
601366,利群股份,1.3285031198888598e-05,,,sh.601366
2222,福晶科技,1.3249659058644918e-05,,,sz.002222
300770,新媒股份,1.3096379784255649e-05,,,sz.300770
600057,厦门象屿,1.2748864020458115e-05,,,sh.600057
600100,同方股份,1.2597446437660618e-05,,,sh.600100
2318,久立特材,1.24429260355435e-05,,,sz.002318
600449,宁夏建材,1.1966953551913664e-05,,,sh.600449
874,白云山,1.185028754549592e-05,,,sz.000874
2970,锐明技术,1.1597718052878783e-05,,,sz.002970
600777,新潮能源,1.091695949415397e-05,,,sh.600777
600582,天地科技,1.076057740044508e-05,,,sh.600582
600640,号百控股,1.065508154357797e-05,,,sh.600640
25,特力A,1.058061387990707e-05,,,sz.000025
600170,上海建工,1.0490011555774142e-05,,,sh.600170
600676,交运股份,1.0406855998008304e-05,,,sh.600676
600655,豫园股份,1.0225651349742447e-05,,,sh.600655
2216,三全食品,1.01859352624513e-05,,,sz.002216
1112,H&H国际控股,1.0071751511489253e-05,,,sz.001112
902,新洋丰,1.006554587285001e-05,,,sz.000902
600565,迪马股份,9.962532271438599e-06,,,sh.600565
1928,金沙中国有限公司,9.72609743928349e-06,,,sz.001928
3328,交通银行,9.669005563802467e-06,,,sz.003328
267,中信股份,9.656594286523985e-06,,,sz.000267
600489,中金黄金,9.634874551286637e-06,,,sh.600489
2690,美亚光电,9.597020155587265e-06,,,sz.002690
2123,梦网科技,9.39409577208406e-06,,,sz.002123
603916,苏博特,8.56750470533707e-06,,,sh.603916
2556,辉隆股份,8.258463901102834e-06,,,sz.002556
601375,中原证券,7.860061900463517e-06,,,sh.601375
300150,世纪瑞尔,7.776906342697679e-06,,,sz.300150
300440,运达科技,7.5150283921216785e-06,,,sz.300440
2647,仁东控股,7.502617114843196e-06,,,sz.002647
2641,永高股份,6.162199168766992e-06,,,sz.002641
600236,桂冠电力,5.716013750605515e-06,,,sh.600236
603013,亚普股份,5.233835628336436e-06,,,sh.603013
300719,安达维尔,4.801923179045215e-06,,,sz.300719
601077,渝农商行,4.351393813836269e-06,,,sh.601077
2688,新奥能源,3.957335760244422e-06,,,sz.002688
2724,海洋王,3.6228518375892954e-06,,,sz.002724
600340,华夏幸福,3.55210755710194e-06,,,sh.600340
1979,招商蛇口,3.5359728966399114e-06,,,sz.001979
2039,黔源电力,3.4521967750101487e-06,,,sz.002039
603198,迎驾贡酒,3.372144036563931e-06,,,sh.603198
600284,浦东建设,3.3659383979246894e-06,,,sh.600284
603458,勘设股份,3.251134083098718e-06,,,sh.603458
600578,京能电力,3.2052123571683297e-06,,,sh.600578
603819,神力股份,1.9858043645573386e-06,,,sh.603819
600120,浙江东方,1.76116024581679e-06,,,sh.600120
2234,民和股份,1.6631111553167714e-06,,,sz.002234
2853,皮阿诺,1.6345652175762595e-06,,,sz.002853
300761,立华股份,1.6171894293863828e-06,,,sz.300761
2746,仙坛股份,1.6060192798357478e-06,,,sz.002746
2458,益生股份,1.5886434916458711e-06,,,sz.002458
2908,德生科技,1.584920108462326e-06,,,sz.002908
529,广弘控股,1.570026575728146e-06,,,sz.000529
600895,张江高科,1.5352749993483925e-06,,,sh.600895
603315,福鞍股份,1.2374043446647918e-06,,,sh.603315
603318,派思股份,1.2051350237407352e-06,,,sh.603318
2699,美盛文化,1.1145326996078065e-06,,,sz.002699
300341,麦克奥迪,9.966255654622144e-07,,,sz.300341
300291,华录百纳,9.457393286204326e-07,,,sz.300291
601811,新华文轩,7.00616602370386e-07,,,sh.601811
300612,宣亚国际,6.782763032691161e-07,,,sz.300612
300338,开元教育,6.168404807406233e-07,,,sz.300338
300426,唐德影视,6.00705820278595e-07,,,sz.300426
603838,四通股份,5.194119541045289e-07,,,sh.603838
600638,新黄浦,5.156885709209839e-07,,,sh.600638
56,皇庭国际,5.026567297785764e-07,,,sz.000056
